,SPY,QQQ,IWM,EEM,GLD,TLT
2023-04-17 13:24:28.123837,98.18633645755033,99.09975652470625,100.26677624268203,96.95518266553904,102.5619996448893,97.50792733869775
2023-04-18 13:24:28.123837,98.2167751064056,98.33990159966156,100.5390943531664,95.93948525020896,103.12274435221616,98.83260319282726
2023-04-19 13:24:28.123837,98.28582957338935,98.29324587436291,100.66695416345837,96.33296232073732,103.47657217802912,98.71781722160544
2023-04-20 13:24:28.123837,97.91117517939634,97.32678215944506,102.8927409827563,95.78631095444543,104.70440421553016,98.9998215839062
2023-04-21 13:24:28.123837,97.05490707907651,97.63026753264533,102.68521154672233,96.13925603011894,105.73911648168345,99.26201001755521
2023-04-24 13:24:28.123837,97.534726009462,97.2115928377725,100.99446462746153,93.9534238519483,104.55477871101269,100.11526575198067
2023-04-25 13:24:28.123837,97.74914535004035,98.9634307677904,100.16375223362483,94.56392229176143,102.9704677811228,101.46339295252281
2023-04-26 13:24:28.123837,99.6676436279217,97.30128254573224,99.36776358798724,96.10247028318457,101.50082291840462,103.02644536832659
2023-04-27 13:24:28.123837,100.09335159142553,98.22150944554313,99.42365607259997,93.80459148937388,102.43609477325249,103.29606564921926
2023-04-28 13:24:28.123837,100.37158940956196,99.51919154910453,99.93812327160785,95.2894103067478,102.16745868395736,103.0382990550405
2023-05-01 13:24:28.123837,100.45442660504844,99.55448222204313,97.29697380557693,94.675090168003,100.77980465163895,103.41607928558396
2023-05-02 13:24:28.123837,99.77572316322683,99.32229620930377,97.3709668033958,96.08991793419752,100.92672423878886,105.47368732142193
2023-05-03 13:24:28.123837,99.75308062801442,98.62288131031691,98.69463085591728,95.76847635623946,100.97063845700177,106.15638652539
2023-05-04 13:24:28.123837,99.22913869787456,97.07715360271743,101.53580466316278,96.73117812603995,101.57715903736958,103.82366624312127
2023-05-05 13:24:28.123837,99.69861693640013,98.99647888516988,101.78058969769808,97.06483397015474,102.54686131286024,103.41838660803539
2023-05-08 13:24:28.123837,98.84667922619401,99.41281713519547,102.9380107290344,97.35958762730664,104.24788315882671,102.75649405635288
2023-05-09 13:24:28.123837,98.99447756268849,99.68045411533699,103.32826767721659,98.29335819961345,102.97000707596764,102.50526734757281
2023-05-10 13:24:28.123837,100.85667405794288,101.2603490045653,102.73522273899624,98.35882349297196,101.49960873508353,101.90372710726112
2023-05-11 13:24:28.123837,100.63369067159888,100.59326361464635,102.71931028410464,96.85168099284886,102.2434628489845,101.41376053487434
2023-05-12 13:24:28.123837,100.18082997256751,101.83991589258017,102.28871055100933,95.7938735353326,102.35962679996628,102.23356229386441
2023-05-15 13:24:28.123837,100.77088546578818,102.72322342818588,103.67260032973184,95.79051758391888,103.6291556702627,102.82418494733201
2023-05-16 13:24:28.123837,101.76580251263037,102.32796182759994,102.50178144442778,97.89242396977632,103.21841862722142,103.70623112078725
2023-05-17 13:24:28.123837,99.85021579201461,102.42155922320036,102.98917399964684,98.67975301952706,102.78741281099535,103.94804203060599
2023-05-18 13:24:28.123837,99.46089746528972,101.89919368184074,104.0025239323309,97.7946524484109,103.57132209033527,103.49557516071535
2023-05-19 13:24:28.123837,99.94569781621087,102.1374911887974,102.04373129608553,100.28917936690088,103.62705822932801,103.69560877591393
2023-05-22 13:24:28.123837,100.05201757191853,102.09851568282512,102.01591270248727,98.9394816000191,100.53881987197359,101.42672070273896
2023-05-23 13:24:28.123837,99.62957143014397,102.6395679613897,102.00890195134865,98.66655093746508,100.82722757661833,100.3934312308025
2023-05-24 13:24:28.123837,98.57485074408227,102.47471721172703,104.11406961673707,98.17934593526613,100.65339326020519,100.15800760664874
2023-05-25 13:24:28.123837,99.35077696416161,103.17756552690753,104.30742434538261,98.39308304127569,102.14142878499437,100.75342234194743
2023-05-26 13:24:28.123837,100.52674750638053,101.35697702813957,103.72348493903712,97.77584080438088,100.08638436138149,100.04968342514434
2023-05-29 13:24:28.123837,101.91283579354251,100.73404996702432,103.83787060752545,98.29751150669554,99.65775701120108,101.19567371457771
2023-05-30 13:24:28.123837,101.85695161458894,100.11654554704059,103.27491527454052,97.18869783739648,99.79735840195049,101.33376720029604
2023-05-31 13:24:28.123837,102.0394740404067,100.34357207081105,102.84437012740779,98.20781466256416,99.13314498557173,100.03911453279619
2023-06-01 13:24:28.123837,104.04302878098156,100.29050711759973,101.85807429026141,97.18633074526439,97.84538986544024,101.74108939006437
2023-06-02 13:24:28.123837,104.5927270880866,101.04549697466324,101.10650889906206,97.92979342305192,96.73399688477012,103.0038960792378
2023-06-05 13:24:28.123837,104.84092919158456,101.90209256874859,100.83114391793522,97.34345653731665,95.92699182977633,103.6062932246005
2023-06-06 13:24:28.123837,103.66819795806231,101.74391452870056,100.30664194168656,96.37382571296136,97.1977620191373,103.22177385140444
2023-06-07 13:24:28.123837,102.93253214823964,100.27495710751847,99.8734563377837,98.35223211217584,96.21057794292014,104.11688618591822
2023-06-08 13:24:28.123837,103.35971311858587,99.95541923732056,98.40878548512855,97.87614078568693,96.41696847391066,103.96578102641895
2023-06-09 13:24:28.123837,103.55779744025841,100.57344191020175,96.61928287755306,96.31388514259251,95.32881470269375,104.37119399459847
2023-06-12 13:24:28.123837,103.6563359496596,100.42185094788319,95.38734562720272,96.66423332279358,95.82690391893136,104.7921994667955
2023-06-13 13:24:28.123837,103.4150831831403,99.29423511038813,94.03965009269278,95.6605671448157,95.75543007334652,104.59387436214644
2023-06-14 13:24:28.123837,105.22418124897574,99.2673525837078,92.77339921825052,96.27268643903221,95.33492697331673,105.45497440237718
2023-06-15 13:24:28.123837,105.24691922355332,98.89229013119014,92.50321659364624,96.80746544818665,95.652110057429,102.77007095998451
2023-06-16 13:24:28.123837,106.02031973410355,100.25767792145045,91.78193409725573,97.06076252167676,95.76812447535812,102.93718840095649
2023-06-19 13:24:28.123837,107.04482183700348,101.50645130663295,93.29631842864366,96.91497860727709,95.85928980778253,102.54657340957014
2023-06-20 13:24:28.123837,106.24718170595611,100.61846215106162,92.94768909778603,98.19239121400322,97.64514368099591,102.1530977362737
2023-06-21 13:24:28.123837,105.96395214925431,100.57687849483139,92.64794636384092,97.56011759516883,100.32147819868358,103.11239630400921
2023-06-22 13:24:28.123837,106.5004494770697,100.41043671181063,91.57811954760129,96.75240887158478,100.90924209437887,101.82768751573195
2023-06-23 13:24:28.123837,108.54275028609221,100.54846165845368,91.48893352249316,96.96300916548701,101.58956971618646,101.88198195605098
2023-06-26 13:24:28.123837,108.5623996549362,100.56105736195427,91.50086124287316,97.93811117479692,101.97258990004161,101.67216948051389
2023-06-27 13:24:28.123837,108.6686041305907,102.60068088324968,92.32827387604488,97.54716034948943,102.4463932474566,103.05201458086306
2023-06-28 13:24:28.123837,109.88449006300544,103.6364162659009,92.7734916019486,98.03009039629488,104.81807623584405,103.79205304642625
2023-06-29 13:24:28.123837,110.26427153315895,103.37127018313635,93.89298885816592,96.82229731033009,104.31374537837597,103.87593702297183
2023-06-30 13:24:28.123837,111.78676150721746,102.4083580052936,93.12557798525437,97.54663541758606,102.72476979033544,103.00210962811899
2023-07-03 13:24:28.123837,112.07325633888192,101.51749985004285,93.25134391670278,98.64557965982675,102.72001228362808,101.87304643028527
2023-07-04 13:24:28.123837,113.34980610796403,101.715626591064,93.18507241839521,97.8172195694524,103.22872876505124,101.40560346754668
2023-07-05 13:24:28.123837,114.9999017173454,101.52805399423515,93.20905866560425,98.33185723427772,103.6545239349651,100.05164031697824
2023-07-06 13:24:28.123837,114.9623604589765,101.08606771894182,92.53166567776684,98.62268243985709,103.60581727854358,99.44987362710981
2023-07-07 13:24:28.123837,115.97814973969928,102.75098248962186,92.93520018565276,98.59734983019354,104.86049936934688,98.03397230330427
2023-07-10 13:24:28.123837,116.5549449738845,102.5073054706594,92.49992162347817,97.94623733751047,104.40181096126078,99.7431042026084
2023-07-11 13:24:28.123837,115.66494272532576,102.02284594280486,92.5472453340026,98.68121131633826,105.86967832174211,99.37741747127303
2023-07-12 13:24:28.123837,115.96296230795002,101.52593912098875,92.5620116855957,99.45021026249395,106.45464062577989,100.82408133525517
2023-07-13 13:24:28.123837,115.84676814569889,101.97494231326972,91.79878568049968,100.31565691457946,107.9505528274152,100.56709984066441
2023-07-14 13:24:28.123837,117.04164030746458,102.67670623392347,92.55085342818116,99.87442327264075,103.93408846743203,101.52309474639358
2023-07-17 13:24:28.123837,115.57443818769117,100.72305474217389,93.76653777222243,99.52499164150126,104.43013134107166,102.00459138734445
2023-07-18 13:24:28.123837,117.06867745829294,99.80916121523711,93.85905250234819,99.8583353483668,105.02318964956002,103.85498006026037
2023-07-19 13:24:28.123837,119.0910501523224,100.76003043946932,94.12640835844647,100.70629263314896,104.99374810649856,103.89387397498392
2023-07-20 13:24:28.123837,118.09314239651208,100.16683264968621,94.05594855734834,101.77095490879869,104.69819608426617,103.62724793714189
2023-07-21 13:24:28.123837,118.18937978055321,100.26592609530796,94.27067279319452,103.42260693272844,105.0096109268502,103.11227384251012
2023-07-24 13:24:28.123837,118.17044743667056,100.61312065252741,91.69630535404809,105.1696458273478,106.5003166677847,102.56770053682285
2023-07-25 13:24:28.123837,117.8837242127607,100.92885723601026,92.81606539049345,104.51306799329112,106.89485705119752,102.77677999073352
2023-07-26 13:24:28.123837,120.05156379879665,99.70199455473153,92.04245551989138,103.59010381343536,108.10347924358649,101.82573871707636
2023-07-27 13:24:28.123837,120.21099094425341,99.2539179582599,93.35495137841134,103.66394963003475,110.24299014991291,99.46093595275056
2023-07-28 13:24:28.123837,119.26714499424006,99.45625738644453,92.9442627602339,103.6244409304356,110.64472230634703,100.70928530411364
2023-07-31 13:24:28.123837,116.29590592995353,99.3738310852762,93.45455233466143,101.80275665948099,112.4239594855172,98.28003790498981
2023-08-01 13:24:28.123837,116.63713948781248,99.89325161030652,92.81434913667636,101.46152717951108,112.10660750356699,97.56154182029219
2023-08-02 13:24:28.123837,117.08244084670345,100.05611690508314,93.59972941065966,100.95855495039518,113.46555360277122,97.16692530999939
2023-08-03 13:24:28.123837,117.31445040902211,100.41468916590718,94.36571992816181,99.72716280968577,112.99406352119298,97.16419413229735
2023-08-04 13:24:28.123837,115.8319556843025,102.23526064492123,97.20888401247646,99.4052498490154,111.70216103126128,95.77795129943797
2023-08-07 13:24:28.123837,116.75427223468655,102.99320309039956,97.74412792520435,99.19380224795351,110.5127966955095,96.40341248706619
2023-08-08 13:24:28.123837,117.43551049374038,101.02512506845663,98.86248731077774,99.0159804692149,110.00109231819864,95.97084927596516
2023-08-09 13:24:28.123837,117.58938218276518,101.14942969885384,97.7383007557944,100.00144982378401,109.99143391389147,96.00397471675447
2023-08-10 13:24:28.123837,115.34677191516805,101.04302203177207,97.25391980213739,100.5385010658812,112.77635823500582,96.51849450597865
2023-08-11 13:24:28.123837,115.12010423925078,100.69120437862118,97.86695443668285,100.7513211332688,111.12286585970965,96.77489925553398
2023-08-14 13:24:28.123837,114.76957467041433,99.73253095249339,97.44262444455507,101.57330980744752,111.7246679507927,96.23329898736336
2023-08-15 13:24:28.123837,114.618264624198,100.22683364501628,98.22570572778277,103.32787998115177,109.85187225081165,98.46256516429632
2023-08-16 13:24:28.123837,113.76975644443682,101.52247471890766,98.07383630851672,104.7399422876581,110.27981970191385,99.42575668334587
2023-08-17 13:24:28.123837,115.69605249358803,103.0555609278735,98.06658786347141,105.42611602181951,110.43238257625795,98.64295304813918
2023-08-18 13:24:28.123837,114.49263297925356,103.40138358604474,98.39535548556259,106.41274908786849,111.91692776077637,97.34908043343263
2023-08-21 13:24:28.123837,115.79899450535844,103.41113448338307,97.10345905238505,107.50062514532884,112.19752360036246,96.56732282246377
2023-08-22 13:24:28.123837,114.49716661732825,102.21670039859981,96.85176619358069,106.81558146161316,113.09391415624962,96.73846675713388
2023-08-23 13:24:28.123837,114.14125813847953,102.0968638074481,96.33723443615408,105.4869432268314,111.49127787944411,96.18314130071849
2023-08-24 13:24:28.123837,116.30886831643704,101.51324995538688,96.11683256323539,103.73312144454623,109.39330309513173,96.54235743473714
2023-08-25 13:24:28.123837,116.9115254132043,100.39035106679182,94.67405490010633,104.02724057693963,107.57182377129371,97.84347702503085
2023-08-28 13:24:28.123837,116.48471963679368,101.4472611652713,93.88762068296772,104.95291685605291,107.73971619615956,97.33574610787701
2023-08-29 13:24:28.123837,116.18079957995657,100.0205984359987,93.03762017906999,105.81390068949403,106.91883623464643,97.64574532968204
2023-08-30 13:24:28.123837,116.05183596348088,101.00118023969628,93.02883652108078,105.68229871538296,106.56692541411674,96.61484318900423
2023-08-31 13:24:28.123837,114.55104438473823,100.89293503283247,93.92371211680529,105.11020917076425,108.01901594581322,98.05373697690052
2023-09-01 13:24:28.123837,112.21241853092644,101.47116903234317,93.55700711194103,106.0016191149326,107.32490165858815,97.59014862644302
2023-09-04 13:24:28.123837,111.41965339500801,102.07359680844696,94.02720182543455,105.0659120015211,106.04971946190446,96.02679002539358
2023-09-05 13:24:28.123837,112.08706621320786,102.38209669594117,95.83539691574649,104.95403398123143,107.23263867800658,94.67040891459001
2023-09-06 13:24:28.123837,111.77499006079884,102.51936575892923,96.11689398156973,106.09645749854685,106.71497962002302,95.02104541836431
2023-09-07 13:24:28.123837,110.81203468167736,101.72820737683955,96.68170056760691,105.54066821376576,108.02124516619946,95.00110698296729
2023-09-08 13:24:28.123837,109.75725753315399,101.47451220593432,96.96525755668179,106.47274124757226,109.00883187721708,95.5160510502388
2023-09-11 13:24:28.123837,109.09109608648244,101.43714922855827,97.41676900776643,106.21643037590995,109.69667029326179,95.62072394142504
2023-09-12 13:24:28.123837,109.60530231351231,101.08904733200433,96.45054485109381,105.22408013516542,110.5596097771464,96.878571474118
2023-09-13 13:24:28.123837,110.2004964036008,100.73697877492882,97.39973331914264,104.72454637059498,111.90255330059789,96.56876982514135
2023-09-14 13:24:28.123837,108.55226458493476,100.27030862753173,96.13527832879893,105.61442064746569,112.5520445008021,96.44137327264355
2023-09-15 13:24:28.123837,108.2812981413233,99.49724145507315,97.01484973477726,106.52715992366264,112.28355123128318,96.24799554147195
2023-09-18 13:24:28.123837,111.20323191672905,98.6153626693498,97.97812444349657,107.7001411187777,113.04092213915848,97.15938388818722
2023-09-19 13:24:28.123837,110.86111670910957,100.07292389131615,97.17252815763293,107.50418476740336,112.9670793038239,97.55154176399928
2023-09-20 13:24:28.123837,111.60168536425675,99.60012119282379,97.8084964820976,107.53614274016634,113.42634495662148,96.54949810410457
2023-09-21 13:24:28.123837,110.44337101800605,99.54029347147907,99.03051496827025,106.21926534557629,113.16461706717315,98.20827234390038
2023-09-22 13:24:28.123837,110.50487761982505,98.98165843831394,99.38351571180051,106.30189517019055,113.94177917164673,99.40082225433093
2023-09-25 13:24:28.123837,111.33160881251165,96.86956945774578,98.75880675297616,106.76852695821928,115.47104125163979,99.96169523514459
2023-09-26 13:24:28.123837,109.8970332549897,97.94707134482485,99.00170460906953,105.60668438782523,117.01846057962898,99.61599878095754
2023-09-27 13:24:28.123837,108.30333695387213,97.21135745741586,99.34317357966569,104.76701480765894,116.19517732799734,100.15836050241639
2023-09-28 13:24:28.123837,108.0525372512447,98.55596218339791,98.56889150014233,104.27148122171955,116.40886424278531,100.34723010018766
2023-09-29 13:24:28.123837,109.50492108355206,99.27346291634026,98.3311409697064,105.33424437800002,115.84945264285462,99.20095987959799
2023-10-02 13:24:28.123837,95.78446160574624,93.12812046960688,104.44588044118454,89.85476329987458,97.36142681511815,97.18300949425948
2023-10-03 13:24:28.123837,98.15085671314823,95.08161629032224,98.44477820737417,90.85053770746941,99.49588319891942,98.42822047554685
2023-10-04 13:24:28.123837,99.91353425112273,98.4497347373486,98.6955950519143,88.35818071260974,99.82273143109033,97.29309671263988
2023-10-05 13:24:28.123837,100.41765711188299,100.27354816576153,101.80594773906579,88.8126868658258,95.5471397347681,99.73089594154104
2023-10-06 13:24:28.123837,100.14547479256049,100.43340755445492,105.03826946108066,87.62373438642697,97.1195915498827,100.33839744164214
2023-10-09 13:24:28.123837,103.00605501884402,108.36603112936781,102.20784024674991,86.95490366575757,98.17865412192039,105.81909602070652
2023-10-10 13:24:28.123837,102.00208421366814,106.30832792941548,101.83604419976544,88.93023075397136,98.33510838217506,104.60995954090909
2023-10-11 13:24:28.123837,105.39559041971134,108.60876380693763,108.84373821692554,89.054185668437,95.16615890202429,103.62241068183154
2023-10-12 13:24:28.123837,105.64396218881703,106.81900887343176,109.7368462536945,90.12387513560428,96.03874457415509,105.15612551354289
2023-10-13 13:24:28.123837,104.5600624198019,107.33121713833638,105.4437219246328,92.02483980430472,97.08573741334548,109.15057852244492
2023-10-16 13:24:28.123837,105.55513752610204,102.10767864803441,106.91577432420826,88.77256524066885,93.56708397805585,108.03422787743645
2023-10-17 13:24:28.123837,103.68062120290824,103.89981758037719,107.73305905580646,87.48054969478204,93.1030393998716,109.7129028955414
2023-10-18 13:24:28.123837,103.11529225608088,102.68845911960322,107.98666212482094,90.18615070840224,92.3996469270549,115.67557714646408
2023-10-19 13:24:28.123837,100.15340550538019,102.83046754868583,107.48480964670028,90.93924582980074,94.19569139396262,120.07933650271654
2023-10-20 13:24:28.123837,98.65321318457941,102.13278093374336,107.72934237623805,89.32189633821176,97.13150016986424,113.40793974978742
2023-10-23 13:24:28.123837,97.53558932934797,101.06928329460162,106.6686078240288,90.0943068309286,93.43506778671713,110.92618011987086
2023-10-24 13:24:28.123837,97.93374727966432,99.82744676105614,107.80584861872019,86.13171009124319,95.63102215880392,115.88699165938208
2023-10-25 13:24:28.123837,98.29250284587725,101.16870305087127,103.11366066493822,86.86039098661011,91.6849989378712,114.55884216983216
2023-10-26 13:24:28.123837,95.3841709322112,97.8697739145224,106.90889565070667,87.6514258540772,89.90824205333644,117.52020825752949
2023-10-27 13:24:28.123837,100.18758418554472,98.49577185916326,100.86993041632203,91.41455825063314,90.94554286543665,113.6308328351893
2023-10-30 13:24:28.123837,97.37774413395002,100.68642589029174,102.16288211543642,89.83711445405935,92.91579780280786,115.69228714418293
2023-10-31 13:24:28.123837,97.46538796643281,96.71958206799333,102.64712887563371,90.99456795506732,96.39625699876771,115.23954761534239
2023-11-01 13:24:28.123837,94.82317425631074,97.67159520052921,106.86918056885355,88.29098865131141,95.1343157638404,118.1676475405125
2023-11-02 13:24:28.123837,93.11142757764682,97.6481372796339,107.92424887101986,88.96910601415632,91.27783495670162,115.3874829491783
2023-11-03 13:24:28.123837,92.05177197066318,97.80651074069243,109.65909153098912,89.69010302230093,92.75756329786748,115.08999201951866
2023-11-06 13:24:28.123837,89.75878533605945,96.99131824786528,108.61458049634874,90.50193715970377,91.7964112783539,114.0025439875587
2023-11-07 13:24:28.123837,90.17485926486737,98.12603701693078,105.60451248839624,90.81884511167488,90.85436796018014,107.3395525035169
2023-11-08 13:24:28.123837,93.24217875495495,95.27545456442087,105.58684408229242,90.89050138672602,89.40025924489692,103.83393019674283
2023-11-09 13:24:28.123837,93.98134958349742,96.63640455251026,102.09658774395297,96.55406718921026,89.47945514886673,101.76882032907352
2023-11-10 13:24:28.123837,96.48251231678492,98.20550701547936,97.15096551006525,98.8471608947212,87.76910856398905,102.14720756025461
2023-11-13 13:24:28.123837,96.32669566514546,100.45779825380308,99.15041451768265,98.96224046102725,89.95675333245063,103.67431822417534
2023-11-14 13:24:28.123837,98.39822661318257,102.1711469911824,103.30776810957958,102.36666733575878,86.51587935707929,103.92404373500125
2023-11-15 13:24:28.123837,97.33129631900022,104.65279964131348,103.37595266257702,98.34478064911549,88.20074295651054,102.61828216105637
2023-11-16 13:24:28.123837,98.37950133870541,106.72115176621233,97.87066197918602,99.97168964730933,89.79175889966815,104.85662412425678
2023-11-17 13:24:28.123837,102.95020641207884,106.65531325034604,96.4363783382489,96.24267974284594,90.1558890084963,105.7311405708715
2023-11-20 13:24:28.123837,103.71797180339856,106.53611863720552,97.31323711196926,96.27791519977445,89.05305714445497,106.06168759606028
2023-11-21 13:24:28.123837,102.76934971080334,104.99790205180477,96.39140388855104,97.79685824842504,87.43847914652537,107.44333795697487
2023-11-22 13:24:28.123837,97.8509165969452,107.31776865875473,97.47803635667711,103.37733821483708,88.67403129497661,110.51386225366882
2023-11-23 13:24:28.123837,95.90724148383704,107.87378948755195,97.01970748189913,104.51380206742581,90.28797139517512,107.01635857301969
2023-11-24 13:24:28.123837,95.39612521485351,106.29641618757775,100.0695255337328,107.54572974928956,93.02518727950032,107.48615499436266
2023-11-27 13:24:28.123837,106.69371959041581,104.76134825804965,94.14159223940007,88.81768654523854,98.9940932397357,103.16850195498981
2023-11-28 13:24:28.123837,109.32469090502079,108.3330237502005,91.60675520095114,87.5625593364607,100.32377428752758,101.52922065589227
2023-11-29 13:24:28.123837,108.86023474734459,106.3026943094718,91.50164006935728,86.1030792752125,99.14798508189547,103.70776836307981
2023-11-30 13:24:28.123837,115.0316206904053,109.87466158004754,92.027006509295,82.99115749568006,93.26877644325467,102.24964726135411
2023-12-01 13:24:28.123837,111.6748779620282,108.81157109437237,90.17650414269366,81.92148944920206,93.8285724081516,100.9926608255719
2023-12-04 13:24:28.123837,113.5081835602669,109.51355997647809,90.29931870832804,81.51982864063972,94.32333727052065,101.37129867932083
2023-12-05 13:24:28.123837,109.82978569674142,104.81351821346345,88.96726416417195,81.1860055292348,94.87924029817957,103.44932343000772
2023-12-06 13:24:28.123837,110.99846516573194,104.6248936297041,85.54121268110427,82.19498725556915,95.05114111511678,103.59817796324445
2023-12-07 13:24:28.123837,108.35610802491001,106.53501945962958,85.38863395609202,78.54133910922772,97.90277809996942,105.34390448955054
2023-12-08 13:24:28.123837,106.50111637524533,107.2957978745451,85.1896778590138,77.88954329511675,97.15883925990363,102.55241660489305
2023-12-11 13:24:28.123837,105.95627954172949,104.6617341324506,86.37355442461154,76.5649691257999,95.48262249797004,103.18922357055298
2023-12-12 13:24:28.123837,104.36456522807354,104.78115339914366,90.54686395487118,75.7163953511268,92.86911177975618,102.90419233587497
2023-12-13 13:24:28.123837,103.55565870486306,104.78799068612504,90.02688270501147,75.27765976933121,94.51788005732006,104.95232357173917
2023-12-14 13:24:28.123837,106.57599218442972,109.26468473846926,92.12432809192282,73.51330810720586,96.87574525297816,106.81717778482036
2023-12-15 13:24:28.123837,106.19165720853343,107.74629384966813,89.44860654122184,74.91602327591342,96.32414249892301,105.88069553094628
2023-12-18 13:24:28.123837,107.05718238070287,107.15839983000807,90.46036581233227,76.79524688059145,95.79649169356169,104.95279933113622
2023-12-19 13:24:28.123837,108.94352288044054,104.55829999253231,91.98881544683952,79.17513973128025,94.15117328024961,100.83871774184499
2023-12-20 13:24:28.123837,106.0872183148405,102.06841660895257,91.79542509346697,76.0285263703515,91.97231986623514,97.84811494199563
2023-12-21 13:24:28.123837,105.43315251599154,102.60031903420892,93.46462634276911,76.1683425724841,90.15378133509408,97.36262489256059
2023-12-22 13:24:28.123837,105.84030398668985,101.3016126302372,92.80719406817244,76.84551143224797,87.63217267897514,96.81950765244699
2023-12-25 13:24:28.123837,105.14222180462967,102.28326196809324,95.98077425152135,75.71165273452723,88.54912314387876,97.72158106003972
2023-12-26 13:24:28.123837,109.05813239810028,101.49954318518647,96.39943918985279,73.49750028053825,86.33610658969162,95.86028799333063
2023-12-27 13:24:28.123837,105.3401630091275,101.18507871149961,96.76271698266632,72.5846241277061,89.76961913959416,99.15273640083623
2023-12-28 13:24:28.123837,109.51549400628593,100.81904650258642,97.31876661171884,73.20942595836074,90.51296880091388,98.15346509594043
2023-12-29 13:24:28.123837,105.78745003762911,98.28266267646872,96.01182600215819,73.24633294249062,91.28646697370715,96.48980022946057
2024-01-01 13:24:28.123837,109.77890033948911,98.33027043126168,96.3927520597018,75.31855228886826,89.779161901491,99.96714596660064
2024-01-02 13:24:28.123837,107.30607861484415,95.41685090993096,93.84200517039451,75.5435029234213,90.14662895459811,104.02514214783278
2024-01-03 13:24:28.123837,108.68263312234717,96.40167916862966,94.08816620510154,73.3831443664234,91.14048796741095,101.80914011035179
2024-01-04 13:24:28.123837,107.59078582913072,96.52026278313673,95.02971939216485,70.62914019555893,90.27879058052716,101.17281590870482
2024-01-05 13:24:28.123837,106.14463782554726,96.03880529732346,96.72507716797514,68.72163637414734,90.47089448593394,104.28603632949402
2024-01-08 13:24:28.123837,106.91071662402668,95.20102293250919,98.88712266902999,70.74731601885433,89.90505680327423,103.27498396269706
2024-01-09 13:24:28.123837,109.18977095395985,92.68277600263767,98.53050193408761,71.74988428569547,89.67826671479881,102.47147428171168
2024-01-10 13:24:28.123837,108.98242671991855,91.56253110401877,100.43950234751208,70.65925339981717,90.43211020189806,102.24190921800762
2024-01-11 13:24:28.123837,109.15179761994742,91.9574434629921,100.3312185035171,71.89725876769062,88.62913607798085,99.00970553536544
2024-01-12 13:24:28.123837,109.58794251901335,91.72832313664657,99.71527311079657,70.67725603112895,87.89434807949965,98.56740187732527
2024-01-15 13:24:28.123837,103.7916942404753,90.66462751972313,96.9268948461626,69.31748272293817,87.33345438012662,101.42585447701924
2024-01-16 13:24:28.123837,101.09088086245227,92.45438396398372,97.33396950573068,70.75266297866284,84.20620047394574,103.42908263757049
2024-01-17 13:24:28.123837,104.2099203343798,92.75374640563116,94.76360115503887,69.97506799785423,85.80548844840486,100.19368859604633
2024-01-18 13:24:28.123837,104.21715193799552,90.96955562278865,95.83111415383411,70.48438164715948,85.46489090723942,97.17444825118552
2024-01-19 13:24:28.123837,105.07857022158053,88.25495264157034,97.99883642989751,71.31845306206473,83.96156391143492,96.50766842685047
2024-01-22 13:24:28.123837,108.70899247572697,91.14527130369002,96.43522433350736,69.72041876881526,85.43266192528357,95.39485624449735
2024-01-23 13:24:28.123837,109.72928897928092,92.35054361025048,96.69891848214543,68.62843032779354,82.97852331845574,91.19408745636359
2024-01-24 13:24:28.123837,106.64355011892792,91.63160256176329,94.3517400638569,67.62840837264947,82.79898167726377,90.34190301295212
2024-01-25 13:24:28.123837,106.51971647941413,90.58592808964906,92.55452267127865,65.55478073368272,83.0872937922851,88.74306909849257
2024-01-26 13:24:28.123837,105.02810651969438,91.01125229565652,92.01186734300806,64.96499842749782,86.5367374921387,87.6998678286198
2024-01-29 13:24:28.123837,101.22907661616246,91.21418205668925,90.72903555405482,62.02276144264852,86.77426834591547,86.96824183607858
2024-01-30 13:24:28.123837,104.04819281644127,91.74346364980502,91.41468932593415,62.65906160311946,88.7948865821429,86.76034545439622
2024-01-31 13:24:28.123837,106.24856748169404,93.66806913211988,90.35027671726323,62.00749923652126,88.50398340421259,86.99701428474948
2024-02-01 13:24:28.123837,106.44373266762445,95.81510537797253,91.61629078536079,62.34058219870664,87.9035620285615,89.34024018091552
2024-02-02 13:24:28.123837,109.50699984484282,94.78045683894568,90.76102554653681,61.034385418465966,88.74409494473258,89.56954036178459
2024-02-05 13:24:28.123837,107.83849281823721,89.72897317470172,91.70413253872798,61.15680122148894,87.74303148069659,88.5231586466608
2024-02-06 13:24:28.123837,109.65991493792625,91.28052875512569,91.86975076865863,60.18710094164812,87.31153894153036,92.35120193043522
2024-02-07 13:24:28.123837,110.43058926684864,92.09667624069971,91.80413241761998,60.752874011676624,87.47051236311158,93.31398914992467
2024-02-08 13:24:28.123837,108.79737719609501,94.54434878791298,87.96905217401455,58.73190281342652,85.31325393083326,90.91772027921702
2024-02-09 13:24:28.123837,112.47791160527848,97.62690825671018,90.57581033017432,58.387070975313215,84.78861584285137,89.97409437704616
2024-02-12 13:24:28.123837,112.09366628958642,97.42661022068336,93.060740812906,58.543119413342154,83.61361380411502,87.42555193758426
2024-02-13 13:24:28.123837,110.33430911239049,98.6091774025445,93.79857936056332,59.370197468420315,81.53484427147109,86.35689077089606
2024-02-14 13:24:28.123837,108.69126415201626,96.94476234741533,92.38756469262958,60.64165471088102,83.2350674354048,82.52418947895741
2024-02-15 13:24:28.123837,105.19561018617522,97.20548143801874,93.40932116262003,58.97851962612175,82.342135515407,81.55449466141951
2024-02-16 13:24:28.123837,108.29950694652071,95.33848052733656,95.4091675463137,57.60912136884588,81.97154314436243,81.1048076149496
2024-02-19 13:24:28.123837,106.13737860810673,95.40563253443173,95.28211054752876,58.86423338780232,81.58852244646523,80.37362854888741
2024-02-20 13:24:28.123837,108.46891845597662,90.90339005972267,93.70211751163097,59.00971007250468,81.79791215341287,79.58533668920903
2024-02-21 13:24:28.123837,108.7265355969463,90.20900598065195,92.10925755734725,57.98898944109354,83.90113584895616,80.01056373090925
2024-02-22 13:24:28.123837,106.55590925589037,89.24885953628092,91.985840740994,58.92091823021604,83.80403132611198,78.24329554386932
2024-02-23 13:24:28.123837,105.59689046366053,87.71731750189315,91.68619154023993,58.58334687284179,85.06948453627228,77.26708203579913
2024-02-26 13:24:28.123837,104.13948720074372,89.15890702721045,91.40904409517184,58.57670331844767,85.77490079919515,75.84399546645945
2024-02-27 13:24:28.123837,102.41018208644344,87.88594162480892,92.47814864400344,57.74680746495503,82.46616892493026,75.82678406676769
2024-02-28 13:24:28.123837,104.68046545235316,86.94422329778396,92.70568458012848,58.4512047717681,83.19149269965014,76.11088454529224
2024-02-29 13:24:28.123837,105.36830344125158,87.76341509676399,94.29518613944741,56.77469770903033,84.44364887592089,77.01578263224314
2024-03-01 13:24:28.123837,107.426228485058,87.0836505686499,93.6993195106681,57.91045239722827,85.31671953598128,77.66548187396087
2024-03-04 13:24:28.123837,109.94693061204401,87.55309964107487,95.85066919932306,59.127325663169245,85.67188962052865,79.01220298344725
2024-03-05 13:24:28.123837,109.14591683518587,90.28415242711714,94.94272263470256,58.75672458631391,86.33796414367686,78.69077316057971
2024-03-06 13:24:28.123837,107.33645348977858,90.93939031702533,96.92504465452534,58.13018450788741,84.50338016460489,76.4890938462285
2024-03-07 13:24:28.123837,110.08322100660499,92.77657525545978,98.87695094879275,58.28369541772868,84.61058164064852,77.73343739157914
2024-03-08 13:24:28.123837,110.74956085517466,92.85248471896278,99.1617141730922,57.434651862618175,84.49221701957835,78.44161900280771
2024-03-11 13:24:28.123837,111.52960931560504,95.03925366907,99.93839579444925,54.72096321643836,84.70019801522085,78.43012095329686
2024-03-12 13:24:28.123837,113.87478652643982,94.92464690060567,95.39420007196567,55.89254743790158,84.67973172514458,76.44585465820471
2024-03-13 13:24:28.123837,112.52937797595168,94.81045113359095,95.23447525840992,55.51538698025781,84.93602750995842,74.73734796361873
2024-03-14 13:24:28.123837,112.21263735710653,92.6390750700298,93.60529454597959,56.82203440511903,83.2291066446865,73.11675896467635
2024-03-15 13:24:28.123837,114.84718383427766,92.55896068160004,93.87152192956155,56.73822095548003,82.53222263927937,72.00385196913591
2024-03-18 13:24:28.123837,102.47523000007736,105.89395938181683,113.73253801451966,94.7549698165592,103.09783192783239,100.07149259785142
2024-03-19 13:24:28.123837,103.45311618512297,106.36380555376776,112.99449096060815,96.03116180820956,103.22783432680072,99.51721862522881
2024-03-20 13:24:28.123837,101.98890514270713,105.98486136254168,114.21027536319883,94.83406580035687,102.74538059842622,98.13334623907139
2024-03-21 13:24:28.123837,104.87141164796695,108.6628979455527,112.2165462889157,94.87538020059404,104.27659052966713,97.91482434512392
2024-03-22 13:24:28.123837,102.96044801112808,111.86928252967478,112.07715015373533,97.83142888785764,103.82713769158023,98.03272496015539
2024-03-25 13:24:28.123837,102.8404783321058,112.14065792022942,115.06198949666127,98.18210808508114,105.31281266453826,99.5344678707739
2024-03-26 13:24:28.123837,103.91804921527117,112.66136289985357,110.66097895096567,98.40689276953681,103.42375436073334,99.0657936717768
2024-03-27 13:24:28.123837,104.76659317812822,115.0706758037288,110.8001528986587,99.05590729856787,101.68801690820399,98.62882734032316
2024-03-28 13:24:28.123837,104.20681755665709,117.888888027974,109.76926712884637,100.17988912253637,100.77575834995653,97.55712700240598
2024-03-29 13:24:28.123837,104.87780313080296,119.70483863460768,111.50919278303195,98.11886047128297,100.04581627677977,96.86517409592693
2024-04-01 13:24:28.123837,104.35211104892144,116.13939180665226,110.16441037004869,96.7311416438711,100.29529233719879,99.69922539777345
2024-04-02 13:24:28.123837,103.92765082482406,114.39254620130595,111.4941592076175,97.58220594556248,101.16525027071981,102.5189455463358
2024-04-03 13:24:28.123837,104.93339934661968,116.24741425301353,113.82683658102515,94.95560847370074,102.00496418299977,102.97480938600438
2024-04-04 13:24:28.123837,105.76705445962965,117.31508575088698,114.38724831551687,93.56703492810162,100.37195319937696,102.22869065104084
2024-04-05 13:24:28.123837,106.0293413169934,114.5687563072852,110.6517052527167,92.85816448645986,101.21646137805372,105.1004488460625
2024-04-08 13:24:28.123837,105.33025080005805,111.98717229694867,112.57927527883776,92.31764173063561,100.65212721969543,105.59658434305219
2024-04-09 13:24:28.123837,105.44918358858642,112.89264927340606,115.73824132299184,89.48987234908896,98.27430520550425,106.05537050792132
2024-04-10 13:24:28.123837,102.65177571303931,111.8315279069814,112.91164864645081,90.8613489094892,97.97835285838339,109.06858178237688
2024-04-11 13:24:28.123837,100.8701706847997,114.46576788441058,112.23129552550655,92.70369833660318,97.01896065161233,110.04025568156878
2024-04-12 13:24:28.123837,97.22399673414787,115.64663463626277,110.00695131848444,94.60520485228362,97.94440114251094,111.69521992458549
2024-04-15 13:24:28.123837,99.47493391261197,116.71165519010391,108.45234936140947,96.14919585594649,98.54853953625577,113.23730330987809
2024-04-16 13:24:28.123837,97.9562371257355,114.08775008853522,108.3955907925521,97.75247436863698,98.62219286283569,114.05121877398484
2024-04-17 13:24:28.123837,96.83787714136025,113.77731214885083,108.3647692830906,97.13249979476787,98.04514244970923,113.58567666616226
2024-04-18 13:24:28.123837,95.63107834535273,112.51351389042598,112.67564451724712,95.28119173816596,97.901198655622,114.93546121880904
2024-04-19 13:24:28.123837,95.5073147872471,110.11679891695849,115.50985967978667,95.64553878490428,96.84545629621756,114.83062376545637
2024-04-22 13:24:28.123837,93.05921117512105,110.9697205865235,113.60055642246112,96.68838039900024,97.69947297205526,117.05291883471422
2024-04-23 13:24:28.123837,93.46562561407497,108.03095023808845,110.98248561584555,96.74321187395839,96.315933426589,118.03153562282488
2024-04-24 13:24:28.123837,92.44448660947151,108.47763545960817,110.48486164228227,94.11558575659099,96.74572090901839,117.58188162437703
2024-04-25 13:24:28.123837,91.00835671070273,110.38422422025376,110.54742550838495,94.11435832331213,96.07448320085359,117.67021376108801
2024-04-26 13:24:28.123837,91.42790704159907,114.01858239629262,109.78273814307009,93.79446028114096,96.23697612543552,116.75567680253769
2024-04-29 13:24:28.123837,91.59517036210198,113.87430461454478,110.73246194797696,93.54631571005966,98.44488788720355,118.16236898785029
2024-04-30 13:24:28.123837,92.07868744616462,112.13067496285316,113.14790681827252,93.98613050834574,97.10271937045884,116.11518044028837
2024-05-01 13:24:28.123837,93.85560462409079,112.27140629372042,113.39080137175321,93.49197786982754,99.31132630220992,113.63433957386881
2024-05-02 13:24:28.123837,93.64739943135191,110.08640540908685,112.14048743445929,93.944421129902,97.99865667850487,115.80550927463274
2024-05-03 13:24:28.123837,93.31792622035711,110.25279224728094,112.5105639753534,94.6264786404118,96.62352695296114,113.84175284986196
2024-05-06 13:24:28.123837,93.97481830206529,108.71934551317626,111.03913973449403,91.69898709063132,97.62602542231194,116.03424144099445
2024-05-07 13:24:28.123837,92.6739083091892,108.41840066869872,109.9534379158011,91.90923462273685,96.84782335411685,116.55762776212724
2024-05-08 13:24:28.123837,93.84968754452012,106.66539934209139,108.66918509827927,92.75787571068724,96.94821389194486,115.91347237589699
2024-05-09 13:24:28.123837,92.23824797294192,105.64487691549884,112.89986161414093,93.43493950898419,97.10996464868592,114.68018669324884
2024-05-10 13:24:28.123837,95.0546869916549,106.88020329164327,109.87899093741981,94.6940517720907,98.01905399901403,113.53196920095886
2024-05-13 13:24:28.123837,94.08289034168264,105.71968776112112,110.34595379525328,95.27144211019164,96.98203185534375,111.86473307613255
2024-05-14 13:24:28.123837,94.17001880968145,102.77554363710749,107.46422822314663,93.71078913773349,94.91418801293689,108.88565569925585
2024-05-15 13:24:28.123837,92.16248903298019,102.10711515256135,108.24524063692398,92.25989398647684,92.30377017624184,108.94895152657237
2024-05-16 13:24:28.123837,90.09249811497062,100.38361048302707,106.15018437254362,92.18502297360223,92.28598241621194,106.10640780507639
2024-05-17 13:24:28.123837,88.84818913378666,98.54615184168757,107.6203631304346,93.19318686648107,90.80921548018874,108.17673976143708
2024-05-20 13:24:28.123837,89.84654226420656,99.03663849535472,109.61680931637567,91.07412226485778,91.0294917210614,108.50573491857793
2024-05-21 13:24:28.123837,87.75220969646563,99.07660306695776,108.1485898026533,91.14814706976864,91.3771037317481,108.91858175946766
2024-05-22 13:24:28.123837,85.45033940141015,97.77691909843331,104.92550935368222,90.38173911437582,92.84856321947943,106.0547438571628
2024-05-23 13:24:28.123837,85.17436523461905,97.30564753459545,104.45880378391206,89.87334762977785,91.55665243555983,106.73574678812217
2024-05-24 13:24:28.123837,84.73036393962109,96.6585204445148,103.11504700416228,90.09556195722784,93.10799718294926,106.0089774173008
2024-05-27 13:24:28.123837,85.26381159930462,95.50886545108216,108.09373680771782,90.70379311937114,93.24927785596641,102.54542337417088
2024-05-28 13:24:28.123837,84.08102867960145,98.05831468956097,107.90797756719397,89.32789716065369,94.95496591447053,103.21952086921043
2024-05-29 13:24:28.123837,85.22787384856582,97.77536693811446,110.64165051262796,88.21433915542019,93.56129166519266,101.81139085616509
2024-05-30 13:24:28.123837,85.35873179875593,97.58599428123112,110.92394518846902,88.66010927307887,93.62051050970604,100.87135657897164
2024-05-31 13:24:28.123837,84.51183322835242,97.94414164541818,115.30873904074926,90.62117846641945,92.02082350519507,100.25861004408901
2024-06-03 13:24:28.123837,84.71241611892921,98.5315822679658,115.11614528326749,90.46976466530651,92.53264174106262,98.22070299633081
2024-06-04 13:24:28.123837,85.17938258610775,97.8311587886968,116.35977772344407,90.05402844373585,92.4008425004161,99.8642172010058
2024-06-05 13:24:28.123837,84.0566535160562,96.29000795584793,116.87733532747522,90.05672238137068,95.1786974306837,98.91130747684926
2024-06-06 13:24:28.123837,84.42338709745604,96.77104368369412,118.95231780399212,88.13959332858401,94.25670308280829,101.27348311287913
2024-06-07 13:24:28.123837,84.70176595761217,99.48286387003161,120.61959918028302,87.8683198896261,93.01447893887128,101.6009541023874
2024-06-10 13:24:28.123837,85.80862605158575,98.5554578896082,122.91054749386035,85.32220539109667,93.81682339348062,103.56644249637546
2024-06-11 13:24:28.123837,85.19450980980704,99.27014200259742,125.4201773580482,84.96683273119442,94.74516869743935,105.29131414293751
2024-06-12 13:24:28.123837,86.09067447501974,100.88434893366372,126.24701243342079,82.93745825687341,94.96754513939294,106.63763017243917
2024-06-13 13:24:28.123837,86.94939895168099,101.55563339055604,127.08252070976775,81.77728266236656,97.52983943768567,108.32384651550063
2024-06-14 13:24:28.123837,85.57521505472148,100.21834117578086,128.32908883501048,81.14060988753971,98.60971685248512,107.10865460256423
2024-06-17 13:24:28.123837,85.18549987460636,101.7753202354324,128.8512443996768,77.72125364826184,101.20470694966433,107.32385000754053
2024-06-18 13:24:28.123837,84.94944870986825,101.49322348710784,130.00840942588113,77.81851995464854,101.71722395606264,107.90812842647738
2024-06-19 13:24:28.123837,86.10449441062022,100.97400104744332,125.71473022047823,75.70138754644704,102.37591475681361,109.48580674398812
2024-06-20 13:24:28.123837,86.29781248544914,98.04541255860366,121.2911708384843,74.51263422974557,104.14763642128564,109.02846864639977
2024-06-21 13:24:28.123837,88.36151386411755,97.09622508081918,119.268788007158,74.85980422832039,102.1977580893548,108.52168939928993
2024-06-24 13:24:28.123837,87.33399028937136,97.00506222100674,121.51943654369536,73.35164234881081,102.71036440951781,107.74917653125667
2024-06-25 13:24:28.123837,88.17222215080048,94.31213819744671,120.63340666819616,74.27450540027573,103.19917536949117,106.89133459583203
2024-06-26 13:24:28.123837,86.55802866178063,94.37126944283673,119.6953307050647,74.52395117831462,104.90341730054021,106.76339764928147
2024-06-27 13:24:28.123837,85.15917146060373,96.6483992162856,119.74592267244577,75.75393698223232,108.98555837681606,106.36822815703252
2024-06-28 13:24:28.123837,86.8456448661036,99.78712065780138,116.81829864345777,76.15618506380412,106.82472692031381,105.3467669403929
2024-07-01 13:24:28.123837,86.05096535284103,95.35525332868953,120.94468100969112,73.69501447159132,109.34633505906861,103.73101285572318
2024-07-02 13:24:28.123837,87.31516563262684,96.98068117180252,118.83102380710264,73.96738088265292,109.13561711165566,104.19106190194024
2024-07-03 13:24:28.123837,86.57153291987079,95.07659601115712,118.23351184842065,75.86317004061807,110.16546366954135,104.9593364583311
2024-07-04 13:24:28.123837,87.12187821234498,95.49125210593782,116.38956199011466,75.68043107289782,109.48868215761986,102.14394634931676
2024-07-05 13:24:28.123837,85.96907464070942,96.33351772626911,117.74553067336879,76.39553467384862,108.44924152923316,102.04474985519418
2024-07-08 13:24:28.123837,85.0219698940964,98.13567396424185,117.09501251406891,76.44446840610011,112.81889154285982,104.66473694792313
2024-07-09 13:24:28.123837,85.26381641119421,98.8169375719688,120.29033724805964,78.12417458578396,112.02375002061001,104.71529217706622
2024-07-10 13:24:28.123837,83.67031259628659,98.43080614096682,120.49737527392126,77.6394884710135,116.4996233939472,101.98952492919187
2024-07-11 13:24:28.123837,86.25394919759594,96.01346997861467,120.01177188420222,77.26792210624389,115.88103340180659,100.86494859890816
2024-07-12 13:24:28.123837,86.48772078130135,98.11729774055509,120.82249868013152,78.52348099416855,116.89629682655058,101.8661879397537
2024-07-15 13:24:28.123837,89.38542608205394,96.70840694690055,119.62586726564716,77.43300938712703,117.40354333100568,102.01777183771846
2024-07-16 13:24:28.123837,89.4641873287946,94.11079465322206,119.36709688955418,74.63239137786506,116.15391088679159,99.74200256325955
2024-07-17 13:24:28.123837,90.32472350051482,93.68451307382212,121.37116165249915,73.15204521261403,115.63598020585964,99.97478710887238
2024-07-18 13:24:28.123837,90.75932469776805,93.03805966799622,121.8870070935193,69.80154354544736,116.32591878882042,101.05733570470603
2024-07-19 13:24:28.123837,90.86541910995308,94.61093725750585,119.00405950720912,68.63300461304554,115.24321176105377,103.27432867894636
2024-07-22 13:24:28.123837,90.69708216722984,93.61340133045262,118.17409623530241,69.1154530797036,115.11325899683543,101.81555594261677
2024-07-23 13:24:28.123837,90.14851788303763,94.59059191697335,118.10562848247757,68.48765963134154,115.56636637039097,103.28722768701797
2024-07-24 13:24:28.123837,90.56353765989819,93.2916372982891,118.36396432459745,68.31744946724524,115.77293705399461,102.8663691145477
2024-07-25 13:24:28.123837,91.84726434102754,92.83734537376574,120.03742529616953,68.10069002787797,117.46642739633221,103.15463143671947
2024-07-26 13:24:28.123837,93.31880039567358,92.57743029445271,123.63628625795702,68.36738708454367,115.81610035138839,102.21008381175241
2024-07-29 13:24:28.123837,92.97072533454572,93.32786094274374,123.3997782686263,70.13136098483858,117.22445595278117,103.51610281563825
2024-07-30 13:24:28.123837,93.23799782945872,95.28611036813997,125.6271402906019,68.79665926176061,116.54565872518198,103.88869692245676
2024-07-31 13:24:28.123837,92.18700582932868,95.70828440311385,127.75771300834653,66.05958121914591,117.29065742887909,100.57171345092591
2024-08-01 13:24:28.123837,91.81057711224254,93.80942386496832,128.58434447131307,64.85737751278153,117.55620309255603,102.9245443276322
2024-08-02 13:24:28.123837,92.12028510480326,94.67042921179079,129.23473185747307,66.67147178896775,118.32808095312278,102.57513036267547
2024-08-05 13:24:28.123837,94.27708764343032,94.09218083378383,127.65284531050762,66.94014540621323,115.53098382687487,102.11321554821093
2024-08-06 13:24:28.123837,95.13952659926058,94.472848163194,130.47000208930538,67.62681457552343,115.85993300383781,100.61320515709271
2024-08-07 13:24:28.123837,92.74664945863283,95.45814477467118,129.71946115075073,66.9837207263528,116.33201365850992,101.86210805253044
2024-08-08 13:24:28.123837,93.36531865324727,94.81833004608704,131.8221325632685,66.85676740967581,117.18116305748819,103.79156263643358
2024-08-09 13:24:28.123837,93.0289783340774,96.2891923835145,132.578923462976,68.70341533044795,115.59717101613246,100.97892766732289
2024-08-12 13:24:28.123837,92.62477455097584,96.286783316312,132.59786311540904,69.84776249743803,114.19419863104375,103.93245568803383
2024-08-13 13:24:28.123837,94.50424678764594,95.09632153415103,132.1621032844487,71.08618261415057,114.48155533820153,101.62520875482343
2024-08-14 13:24:28.123837,93.69677966187345,95.3729514864699,133.34718886147022,72.46722498086503,115.1511394605957,99.81598758761143
2024-08-15 13:24:28.123837,94.2215234748534,94.06366398256986,132.90246414394184,73.81001790813407,116.5867981234803,97.07670147095786
2024-08-16 13:24:28.123837,93.3654564130201,93.48302096345229,135.05549968152079,74.22130046743646,117.4172532901516,95.37729341922878
2024-08-19 13:24:28.123837,95.73352203386058,94.87737461850688,134.63543185600025,73.2847251032359,115.83046254008734,93.99525550839387
2024-08-20 13:24:28.123837,95.11453977922467,96.15792251810977,134.70214242891504,72.46281833060365,114.47602610775472,91.93386531670944
2024-08-21 13:24:28.123837,97.39058509000752,98.43655741748019,134.2094268048935,74.11674282893946,113.84695223152285,92.76352844480644
2024-08-22 13:24:28.123837,97.90582959461912,97.55838221721528,134.01921642020145,73.99579369970239,112.10517468182911,90.35008933214675
2024-08-23 13:24:28.123837,99.75403646747209,98.23918919302315,132.492534818995,74.83564835536254,113.04909732855646,90.00328773837175
2024-08-26 13:24:28.123837,100.83169905614952,97.85133535617084,131.88996720881917,74.82709344894242,110.63134953615756,90.29511601727914
2024-08-27 13:24:28.123837,101.41593712105055,97.76912136250237,132.58798308907902,74.8283855121537,110.56783895391104,89.62512862357305
2024-08-28 13:24:28.123837,101.2801787494155,94.19458997826531,133.59926929241342,76.06409409333776,110.85274246818472,89.7322642359142
2024-08-29 13:24:28.123837,99.99963121582121,92.02855649441207,131.0095697875524,76.47243003039182,107.88379317311754,89.77024944651384
2024-08-30 13:24:28.123837,100.04552951698845,94.44051665575324,129.86604808519704,76.71842376087848,106.9455826778315,87.39325034144707
2024-09-02 13:24:28.123837,101.0380793256859,92.46435555964636,133.0866977359782,75.35814204433186,107.10541449983452,86.46151262091276
2024-09-03 13:24:28.123837,100.94017451101958,92.25645913103683,132.322624802222,75.76127721873306,107.04880935993721,87.0119771489698
2024-09-04 13:24:28.123837,98.43371664720208,90.6874512355397,135.62605177299415,76.85755766286826,106.95012040413027,89.37658378875379
2024-09-05 13:24:28.123837,97.1424717573156,90.3328005366484,136.43520690521817,77.17737543076318,107.23139357488526,89.07917362530382
2024-09-06 13:24:28.123837,96.7877598103457,88.37588722578226,135.17742155173224,76.41419262922082,106.15942462065745,88.84841748711267
2024-09-09 13:24:28.123837,97.22310854559282,89.10813734614163,135.34120141543033,74.84101074856282,108.59234198432952,90.87312658514456
2024-09-10 13:24:28.123837,99.22398491101863,86.67418562901634,138.30066393132782,74.31912016359074,108.55896803320046,90.35322441249926
2024-09-11 13:24:28.123837,100.03168005640079,85.19534628007625,141.82798456410762,72.91427966195904,108.35903931650738,91.17633901721963
2024-09-12 13:24:28.123837,98.4095783361974,85.11500353619421,143.74828874647054,72.6537193436744,108.78142055050891,91.2435382252848
2024-09-13 13:24:28.123837,99.02751226591992,86.83098470094562,149.01029923557732,74.06454096014141,108.00835953577538,90.43298860366882
2024-09-16 13:24:28.123837,100.14806102125996,85.28021223200861,148.60388660273802,73.95412836421812,106.47034387728065,90.91412293452781
2024-09-17 13:24:28.123837,98.29036843789652,84.47529116440299,149.35961564541256,71.91183389243847,106.93659361654758,90.94564305819407
2024-09-18 13:24:28.123837,96.73632000226439,84.24924810568879,151.4498525199422,70.93720553211232,106.57797169942911,89.99349000218598
2024-09-19 13:24:28.123837,97.31149424156497,84.93718014466309,151.25490103506198,69.17484999113519,108.73222946362009,90.11576417336782
2024-09-20 13:24:28.123837,98.1168179088298,83.74391863481554,147.32220361838694,67.85194775915488,109.38452546857629,91.59728816617509
2024-09-23 13:24:28.123837,97.12573151321037,81.65241330984047,144.49231056017575,67.65771941948678,109.67230821857481,91.6939762322984
2024-09-24 13:24:28.123837,98.15366281474137,81.03430476792028,144.08406941309968,65.27991883120518,110.37966528774027,93.94908169870693
2024-09-25 13:24:28.123837,98.13809530760737,82.61729024428963,149.4216492146495,64.64193509300095,111.82015910341515,95.79083549790481
2024-09-26 13:24:28.123837,95.33830296500993,85.00002339389165,151.79014363268598,66.29848801605485,111.32192744887776,97.35074676105742
2024-09-27 13:24:28.123837,95.97556385308653,87.84655450712033,151.3306115238615,65.78117610652248,113.81298496912694,97.0614860695271
2024-09-30 13:24:28.123837,96.75385588885078,89.02028595440585,147.9137012080277,66.00521264976385,115.30248715601444,97.44463211468123
2024-10-01 13:24:28.123837,94.73506218405892,86.52161206196118,144.82581298131592,66.98995935089108,118.64354671542415,94.88601537542992
2024-10-02 13:24:28.123837,93.97556364203975,85.53898540957381,144.15782489441102,67.75411843060049,121.05434579523028,95.60465288413502
2024-10-03 13:24:28.123837,94.03592913548896,86.04207618130144,143.47933571385286,69.17868013033487,122.76606646018476,94.7678939728462
2024-10-04 13:24:28.123837,94.3008622774343,88.4987651208961,144.13238258026016,68.43455935923548,127.07811671249951,95.05638107081272
2024-10-07 13:24:28.123837,94.71287882246767,91.55903600590811,140.46214450708825,67.05141682679059,124.8778400311846,94.36776939780275
2024-10-08 13:24:28.123837,95.90817078283183,92.62006398501708,143.3568065135889,67.56602782439353,125.07439339878789,94.70637530190321
2024-10-09 13:24:28.123837,96.62202127629864,91.78269670926643,142.41545878936319,67.83007173608503,126.66336388590172,92.6877788774884
2024-10-10 13:24:28.123837,97.17771215497912,91.1903968159874,142.04572069641054,69.1279331697518,128.80378587273876,91.29916391024972
2024-10-11 13:24:28.123837,99.08517553142987,90.77043810848336,142.10413688310672,69.19893091517261,128.9211387684666,91.72170396775076
2024-10-14 13:24:28.123837,97.95668968542132,90.90247945985183,141.47097555661915,68.65779400726373,131.81994340266544,90.97747623875829
2024-10-15 13:24:28.123837,97.60134850405807,90.33679992110294,140.861278566511,69.25968273749629,133.9860291500131,91.00759827018382
2024-10-16 13:24:28.123837,96.02763121461811,91.7625626022886,144.51167662240468,70.28796691967791,130.59039433568498,89.328398288947
2024-10-17 13:24:28.123837,94.18631148627179,90.39512810676423,143.93579020778384,68.59706030754694,130.17167713758727,92.11184450468532
2024-10-18 13:24:28.123837,93.15191763485295,89.05994547178744,144.3357800213113,67.64896518940827,126.3704014856079,91.42047641695633
2024-10-21 13:24:28.123837,93.07416554370877,90.47378192026409,141.86959877059152,68.70519243163719,127.48558443606429,91.10635638308834
2024-10-22 13:24:28.123837,92.88529996637081,89.5472300908452,143.12523712564135,67.1800532952531,124.7621562480849,94.00544649284117
2024-10-23 13:24:28.123837,92.81780080939389,88.71540988097763,142.23093728929183,67.0085831902046,125.58489556695847,91.97701884954054
2024-10-24 13:24:28.123837,94.04516057852128,86.3755221127056,141.4146051032645,67.83437097041632,122.92909194253902,92.75396031210803
2024-10-25 13:24:28.123837,93.12525203277869,85.67269198034904,140.80197816859712,67.31745022877713,122.03631750532618,89.1916323003681
2024-10-28 13:24:28.123837,91.62142443670221,85.50669979110835,142.47943347752033,68.62160697874883,119.20749528330911,90.0570211839115
2024-10-29 13:24:28.123837,92.6316038982728,85.59737783537778,139.55989577340156,68.00962142813604,118.78064520506027,89.32071513395412
2024-10-30 13:24:28.123837,90.74436103319043,84.46056583534933,138.59143520544623,66.95765133400666,120.9691810623004,88.81182268867447
2024-10-31 13:24:28.123837,90.86018306106992,82.33764766266489,137.22755449781164,69.07708317525146,119.81237195650193,88.81661542986487
2024-11-01 13:24:28.123837,91.33859648638044,82.81733110867272,135.17316226464825,67.45825888767108,120.2174394524152,89.16611254275087
2024-11-04 13:24:28.123837,91.90737584969948,82.44021857084316,132.0882450849092,67.37309617239188,119.56273382720707,89.06097565108068
2024-11-05 13:24:28.123837,89.21723820521285,81.43830788657085,135.57421446417413,65.72890948737478,120.81378402901342,86.45280640518422
2024-11-06 13:24:28.123837,90.65699414252286,83.14955768861722,136.97120242235272,65.01422548599326,117.70958083071716,87.69972678322259
2024-11-07 13:24:28.123837,90.77991634456498,79.92179926169995,140.1902963872922,65.04307435487121,116.25620650757776,85.83725864521334
2024-11-08 13:24:28.123837,88.6343674162884,80.15360773773757,138.23947169963463,66.68188063347232,116.75570220319173,88.07375075390405
2024-11-11 13:24:28.123837,90.5419350776753,81.64895520424858,136.78495519869466,65.64863067997241,115.9972975401501,88.44498798249168
2024-11-12 13:24:28.123837,89.32349849628523,82.50833821446567,141.0863252524783,66.22098691179566,115.45080051013373,88.04888935111632
2024-11-13 13:24:28.123837,89.56846654903602,82.35925452250738,140.8289229531667,66.62839271825605,116.25142702734023,88.19291158913767
2024-11-14 13:24:28.123837,88.3444816170568,81.8289219471253,136.7184690562337,67.7767449128956,118.57840818337435,85.98122875067641
2024-11-15 13:24:28.123837,86.84096074388749,79.52245980693962,134.93999647193806,68.00087574473285,121.1529446505513,85.61693068237453
2024-11-18 13:24:28.123837,91.239257885059,80.0719428835767,135.3018311840377,67.97233263875819,121.46778528171748,87.12369187838199
2024-11-19 13:24:28.123837,88.83844171349367,79.92290775303474,133.7472711479599,68.33189681616635,119.34931854352779,86.20520634190682
2024-11-20 13:24:28.123837,87.8101020568989,78.39558603343623,135.3403521384743,68.96556078089479,120.16438991861763,86.62408798638555
2024-11-21 13:24:28.123837,89.0839762218909,76.25534620916746,136.5844759681216,67.76599468537788,118.80999473571637,89.8632984075476
2024-11-22 13:24:28.123837,90.5970350088188,76.04069883415498,135.71471120063362,67.95360633636804,117.80643854161173,88.33299054289937
2024-11-25 13:24:28.123837,87.35514675490514,77.33583700728626,140.38977507225144,68.60060910494228,117.12534342911894,86.80498708466375
2024-11-26 13:24:28.123837,87.47986605005379,79.328491230792,140.42259257763087,68.34043068777115,117.30092842030585,83.77092309567988
2024-11-27 13:24:28.123837,91.19941471733509,77.3514704981226,142.77601241662245,68.62799925862963,116.41542802527147,86.15592571712341
2024-11-28 13:24:28.123837,92.37323356181747,76.07918368677936,142.27982957309885,67.59007737653694,115.94486295206684,85.22364101910581
2024-11-29 13:24:28.123837,93.27987370632185,78.26376896625585,140.97814618736604,67.0815352950972,115.88008602804646,86.37997962366013
2024-12-02 13:24:28.123837,92.11483922047084,78.72016673909397,142.55576748564695,67.05834960278952,116.00311903874686,87.86814698680023
2024-12-03 13:24:28.123837,91.95526945611444,78.40922592285484,143.11230399072096,66.82730170687188,114.43222134031329,85.7007831720508
2024-12-04 13:24:28.123837,92.2777040077152,79.13453715823087,145.28544367273847,66.71128474540696,114.10265421303384,85.12140195352528
2024-12-05 13:24:28.123837,94.34783245694145,79.00447379952315,145.758595303608,66.77914946395552,112.91302085590767,85.71511612714754
2024-12-06 13:24:28.123837,96.11433739542403,79.30894340740359,141.61439332469402,66.28867924362284,115.47433640494276,84.51542173204909
2024-12-09 13:24:28.123837,96.15969714777435,81.78929944345252,138.9858356490888,65.6096002731771,117.05938952735006,84.85934009584668
2024-12-10 13:24:28.123837,94.59889627971576,80.04579696408722,134.37742405459272,66.21075031338745,117.67700884757576,85.58887413643326
2024-12-11 13:24:28.123837,97.87373852829829,78.09715480918082,135.54943543908743,63.389734243036074,118.5866984152523,88.45541888667566
2024-12-12 13:24:28.123837,99.39219071240467,75.45269273785007,135.1301800473001,63.79040978018521,120.67959311833056,88.90528889470892
2024-12-13 13:24:28.123837,102.06226604734542,75.07298981001267,136.30704055948627,64.57038301145566,119.04468954620175,88.30369271399279
2024-12-16 13:24:28.123837,102.87430127782419,74.39193052276994,136.76413556971622,64.59505225599462,119.26591715935714,86.78858859853209
2024-12-17 13:24:28.123837,102.2876445903879,73.37602775875497,134.09493484511793,65.34775903046098,116.57299337492123,88.809393066388
2024-12-18 13:24:28.123837,103.87921236581892,72.96079241820632,132.5623475489584,65.27669246277073,115.1917377679783,87.17836032729781
2024-12-19 13:24:28.123837,102.68872864068186,72.83665819663321,132.89290575794067,66.2025584533955,113.74436986083865,86.20297867088351
2024-12-20 13:24:28.123837,102.16658664241871,71.48483857428415,132.54950101549133,64.67624996131863,114.55250532673973,87.02456801630335
2024-12-23 13:24:28.123837,103.70379583132335,69.97212679582789,133.86056046014974,65.29153355614488,116.357897538111,87.54144535462466
2024-12-24 13:24:28.123837,103.44062415145872,72.43764095792702,134.98878393124934,66.2815300445705,119.97342339202777,87.52110374767139
2024-12-25 13:24:28.123837,101.1820483965106,71.956920350021,134.79811784124098,65.5861501838482,120.73388093183112,87.55146920012841
2024-12-26 13:24:28.123837,102.2517355503357,70.51645860326674,136.80097089524315,65.52426233335984,122.35970820094344,85.9748697503402
2024-12-27 13:24:28.123837,101.86133435391228,69.84015375318556,135.1025453098027,65.98197985978226,119.30930767278942,85.560947611716
2024-12-30 13:24:28.123837,103.00281514993324,70.12844611732359,135.03885874718637,66.61062457801447,120.2035967121582,85.42623172486084
2024-12-31 13:24:28.123837,102.40924868014392,69.78938720465361,133.11832728548848,67.10256018074796,119.24911233303553,85.18576889930385
2025-01-01 13:24:28.123837,104.42933307371553,68.42689008055923,133.49906458843773,66.94028928650256,117.50851192380846,87.03280738498016
2025-01-02 13:24:28.123837,103.66009364869856,67.62079979594104,132.2511192923861,66.27752187313511,119.21172730913868,88.06904337753585
2025-01-03 13:24:28.123837,102.39089193111215,66.6313087243773,132.03339431428952,67.37833160720632,119.6458561435422,86.56609960925041
2025-01-06 13:24:28.123837,101.34212083556791,67.51640795079678,132.21187389462088,68.80439708560803,123.55117767566195,89.44190207124015
2025-01-07 13:24:28.123837,103.05927436694748,66.78825811322288,133.62670349212914,69.2988142355198,124.87671685395084,89.41523996753288
2025-01-08 13:24:28.123837,101.49011777031222,67.39265749896133,132.43565696244676,70.29446729816698,121.37049951681843,91.01772754955516
2025-01-09 13:24:28.123837,101.98638604875637,68.35761254649623,130.0381600273208,70.97729438976292,121.98449982614557,88.74968566985947
2025-01-10 13:24:28.123837,104.55095569413392,68.3736269695054,131.84106237499682,71.25323230274263,120.8774544557584,89.71582803453201
2025-01-13 13:24:28.123837,105.94452342081671,69.02879058340027,132.0254270772319,70.89825660957447,124.47635271113074,89.93046010235405
2025-01-14 13:24:28.123837,105.7961506766362,69.600592324453,134.04749893514122,70.74240082491339,122.49900346154638,89.87226717703581
2025-01-15 13:24:28.123837,105.34327859638024,67.25406203255436,132.17654504897513,71.82356686471523,123.53038071266624,88.81671036910265
2025-01-16 13:24:28.123837,103.47733192584911,66.16263112966124,134.45797201533037,71.96378286626405,121.76049173343975,89.10457811677311
2025-01-17 13:24:28.123837,104.04681067457324,64.48268805930547,133.1141526894284,71.08716814521829,124.67866453264611,89.2828966054867
2025-01-20 13:24:28.123837,103.7299187152668,64.01286739364694,129.42770442874684,71.25361221484161,123.04129243916437,89.16462968533688
2025-01-21 13:24:28.123837,105.20949301501126,62.77553647659577,127.56869339234485,73.23402976345926,122.54447319285649,90.95362126835994
2025-01-22 13:24:28.123837,103.6865762377723,61.758168948527555,127.9202511016492,74.05567943303068,120.1098442722641,91.6850147974781
2025-01-23 13:24:28.123837,105.01582845122685,61.049893861842456,126.97375847180506,73.8565049616592,122.3523547916378,90.59889893358488
2025-01-24 13:24:28.123837,106.63561069510249,62.33323677003674,125.56137403319151,74.97845488888754,125.22997207102681,91.89812508236596
2025-01-27 13:24:28.123837,106.63027043996567,61.17802731108179,126.25423304142063,73.28938206803217,122.53287182663075,91.80134597828842
2025-01-28 13:24:28.123837,106.10952350485942,61.088424886228424,126.91010227828139,73.97317985814297,122.17454460521475,92.35663178525704
2025-01-29 13:24:28.123837,104.52053461096449,62.53313191079735,131.44719768276886,74.27940741399827,123.99211774108365,94.33635585862481
2025-01-30 13:24:28.123837,106.79709050279776,64.06189446442292,131.897630867243,73.67331587229856,122.79879734422734,98.15232943408829
2025-01-31 13:24:28.123837,107.94107026514016,62.332837006151586,133.89535862181222,73.09775793613956,125.18013041792705,99.27039215467919
2025-02-03 13:24:28.123837,107.9284409683785,62.59104483714589,135.02128668922128,72.49121292679847,125.53925948088023,99.07431919090648
2025-02-04 13:24:28.123837,107.41009243287631,65.29703953227583,138.27197354992248,74.06947464814407,122.62148648291009,101.61519700764245
2025-02-05 13:24:28.123837,105.2997358660919,65.82351564897965,136.62164080348506,73.89642379033647,122.59840364468573,102.3906969482275
2025-02-06 13:24:28.123837,106.86278694591046,65.93959392885564,136.67721726720202,73.02071882895004,121.11219382519975,102.56344283091335
2025-02-07 13:24:28.123837,105.98933756900395,65.25324172930934,137.18571158705095,73.18680922021797,121.46959053011742,100.53837630129976
2025-02-10 13:24:28.123837,105.10523800839718,64.65856062742122,136.76077223879648,72.5864373673898,120.24589538892256,99.2520575361808
2025-02-11 13:24:28.123837,103.35142032048326,64.64399713245434,136.69359455236355,73.98292268849772,121.2490086856061,100.14817801424162
2025-02-12 13:24:28.123837,101.90529280394685,65.15972430314949,137.01453366636142,75.11729087128843,119.72165972720957,101.51284089391437
2025-02-13 13:24:28.123837,102.90483501341488,65.6592212297204,133.20954752582506,75.11733357988342,118.47336622728817,102.93726122011566
2025-02-14 13:24:28.123837,102.50524383036374,67.25214009564918,132.1420830236866,75.91073929457156,117.93262337456919,105.16806605099869
2025-02-17 13:24:28.123837,102.3838194544915,64.66109797791158,134.96295811466084,76.8897003390942,118.7624407530838,104.22539890422098
2025-02-18 13:24:28.123837,105.39555638028388,65.8269786932342,134.4083607300824,76.65845964078858,120.58548317385363,103.48819402212844
2025-02-19 13:24:28.123837,103.58275545111387,68.10176318367681,131.13958161026292,75.8446498113338,121.21633723711805,102.35948944453732
2025-02-20 13:24:28.123837,106.01631114601525,67.69328874267896,129.68677686194187,79.3430053454689,119.97007761628313,101.90193801752596
2025-02-21 13:24:28.123837,105.79078291831951,66.36448945768551,129.3245084338442,78.76284624712608,121.938847306327,103.01913279273647
2025-02-24 13:24:28.123837,104.7638613231461,66.84497845660869,130.1024689329346,78.99931050514074,123.48395176878392,102.65459118176629
2025-02-25 13:24:28.123837,108.40914259347628,66.81989571713004,127.74056406882117,80.28152255139425,119.73408009424062,104.78617956661039
2025-02-26 13:24:28.123837,106.8639488365192,66.92331742526245,125.9735288203587,79.98587758061169,122.301293057165,104.65173678375743
2025-02-27 13:24:28.123837,105.48915894442335,65.50637725619565,127.89617681586184,78.20755010922362,119.9663652715869,105.34305926920854
2025-02-28 13:24:28.123837,104.79713515135424,65.62349902848955,125.60371419707303,78.01545172975618,119.48985628854224,104.98752834975603
2025-03-03 13:24:28.123837,107.63136341630036,63.68145821274341,125.45494067879322,77.65704585842487,121.12731618958004,104.97821433449326
2025-03-04 13:24:28.123837,108.84357690984818,63.672750046277116,127.92749624890948,77.33146681463505,122.21618160670748,102.26361518598586
2025-03-05 13:24:28.123837,111.45049315238623,62.617862808686205,132.3497063358647,78.41086647240083,123.30666850963881,102.33128541729268
2025-03-06 13:24:28.123837,112.25386689658042,61.60606955569666,133.69901157465333,79.25794788496094,122.88458636581124,102.99270906216485
2025-03-07 13:24:28.123837,113.82263356057678,61.70782394314557,137.35913321407097,77.05069975929517,119.22975328039895,100.70356214241687
2025-03-10 13:24:28.123837,116.71049769264002,60.24085788866833,135.85993714639093,75.8728015170115,120.53067835394306,100.99522294919859
2025-03-11 13:24:28.123837,115.04147833644518,60.460057423378395,134.61490049145988,74.70993541556314,122.44350460910289,99.86633359231541
2025-03-12 13:24:28.123837,117.29047737914912,61.14715264223709,135.43206951504112,74.71489768071837,121.37201012389826,98.03014676422787
2025-03-13 13:24:28.123837,114.56466396797971,60.57932302958592,137.67641603928305,74.93774420337438,121.89035217201737,94.8651279272144
2025-03-14 13:24:28.123837,115.3527910799567,60.275261905878054,137.2649749640858,75.02231630712386,120.4911903331909,93.15485903337277
2025-03-17 13:24:28.123837,117.86983675234542,60.82973068556484,137.72826743173084,75.35580403281897,118.67687364438109,94.96973708575345
2025-03-18 13:24:28.123837,120.49185637099976,61.74806118513974,137.0800945961552,75.00881016031103,118.60599214700541,93.5996617286337
2025-03-19 13:24:28.123837,115.58467633700464,63.584841693774145,133.2407262446212,75.37105977411342,115.72675953765767,92.23869998785585
2025-03-20 13:24:28.123837,116.03182851873943,65.22454854275328,135.0342272333351,75.84897023027558,114.57846248077998,93.67675813602912
2025-03-21 13:24:28.123837,113.17826175238454,66.14474358151674,134.8622789928655,76.46644219087047,113.18164751386013,95.5352899902556
2025-03-24 13:24:28.123837,114.34875427763282,67.04226464942545,136.8204943023434,76.96076683393278,114.70607292138452,95.68991389456633
2025-03-25 13:24:28.123837,113.52828593020622,65.7816236149962,138.89161819085342,76.49330810197702,114.71064328329022,95.93655462054052
2025-03-26 13:24:28.123837,110.19602463747829,65.75681090212737,140.48026766041565,76.84303486362668,115.680145633715,97.35391964247243
2025-03-27 13:24:28.123837,107.51080010307157,65.82135575007743,139.3169366825766,77.76503935218675,115.17019438807353,99.02276352769864
2025-03-28 13:24:28.123837,105.31217905311841,66.73679357235171,146.70145415155451,76.55908672150986,114.7101320192041,99.13025573059188
2025-03-31 13:24:28.123837,105.20189599491606,67.25585245721103,148.12637463340894,77.36978837237447,114.8842911355535,99.22994064956791
2025-04-01 13:24:28.123837,103.82245207129266,67.21589166541459,146.21945575798588,76.39732545285776,116.72875243387386,100.57661509246354
2025-04-02 13:24:28.123837,102.50920037045493,68.19563300080408,146.69728124471303,73.60819615964908,117.99827496831236,99.3462623998054
2025-04-03 13:24:28.123837,101.05711266068887,69.75768454722188,148.91215296268848,74.02278889286214,116.15781955954293,99.93116488624844
2025-04-04 13:24:28.123837,98.50618033248561,70.20412094145539,151.0967725504608,73.79674121034927,119.37645482604817,98.08752393161421
2025-04-07 13:24:28.123837,98.92513166355032,70.528561580032,147.46820970852383,72.93249166065146,119.63621533402275,97.39181025011646
2025-04-08 13:24:28.123837,102.0671514900668,68.5555785090268,146.21722255463516,71.56027993020662,120.74877551673295,96.80860723094413
2025-04-09 13:24:28.123837,101.82201310687108,68.64523708313054,144.43862557415937,70.74684201679517,118.36007790400336,97.13096616204058
2025-04-10 13:24:28.123837,98.72701424672594,68.5423794422355,141.46381143262593,71.58663722088073,120.45227262610892,98.14457103336291
2025-04-11 13:24:28.123837,96.94416779093889,69.42031074809768,141.46670345129596,71.94625749731038,117.73744645834981,97.95334957480934
2025-04-14 13:24:28.123837,96.5253026819272,67.64171591987717,140.0293490175091,70.64015111916007,114.3203274819889,100.55791054312562
2025-04-15 13:24:28.123837,98.47800887262818,69.63369960084223,138.84361480498657,69.66706881943888,113.3468088451856,103.35051591155334
2025-04-16 13:24:28.123837,96.74260083759411,69.52787272503097,140.07891090384294,69.81516493101698,115.58966858328411,103.57521387647728
